Created,Domain,Title
1495616877.0,reuters.com,Trump hires private attorney for Russia probe
1495610648.0,theguardian.com,"Study finds mushrooms are the safest recreational drug - People taking mushrooms in 2016 needed medical treatment less than for MDMA, LSD and cocaine, while one of the riskiest drugs was synthetic cannabis"
1495621551.0,huffingtonpost.co.uk,Isis Flag Raised In Philippines As Militants 'Take Over Hospital And Set Fire To Jail And School'
1495620108.0,bbc.com,Australian indigenous leaders meet for historic summit
1495620128.0,news.antiwar.com,Israeli Troops Shoot and Wound 11 Palestinian Protesters Amid Trump Visit
1495622369.0,peacecorpsconnect.org,President Proposes Largest Cut to Peace Corps In Over 40 Years
1495609455.0,npr.org,"ISIS linked group takes over Marawi City, Philippines, Duterte declares limited martial law"
1495609502.0,cnn.com,UK deploys soldiers to patrol streets
1495610948.0,reuters.com,China urges North Korea not to violate U.N. resolutions
1495609044.0,bbc.com,BBC: Philippines President Duterte declares martial law on Mindanao island
1495614053.0,amp.cnn.com,UK will deploy soldiers to take over guard duties at key sites because another attack could be 'imminent'
1495610023.0,engadget.com,Microsoft made a version of Windows 10 for the Chinese government
1495616730.0,themoscowtimes.com,"Russian Bishop Says Jesus Would Have Accepted This Land Cruiser, Too: A Russian Orthodox bishop in Oryol faces some awkward questions this week, after accepting as a gift a new Land Cruiser worth an estimated 6 million rubles ($106,500)"
1495623088.0,yahoo.com,"Angry Venezuela protesters take aim at Chavez statues, home"
1495603442.0,reuters.com,"An Iraqi Kurdish push for independence appears likely to be a question of ""not if but when,"" the head of the U.S. Defense Intelligence Agency said . Iraq's main Kurdish parties announced in April a plan to hold a referendum on independence this year, after the defeat of Islamic State militants"
1495605653.0,washingtonpost.com,Scientists say the pace of sea level rise has nearly tripled since 1990
1495605040.0,reuters.com,"Philippines needs modern arms to fight ISIS, Duterte tells Putin"
1495619824.0,reuters.com,"Moody's downgrades China, warns of eroding financial strength as debt rises"
1495605479.0,theguardian.com,"UK 'vulnerable to terror attacks by jihadis unable to reach Syria' - Both Islamic State and al-Qaida are calling for ‘frustrated travellers’ to stay at home and attack in the west instead, Whitehall source says"
1495605884.0,nbcnews.com,Syrian planes move back to airfield that U.S. bombed after gas attack
1495606057.0,yahoo.com,"Venezuela leader defies demos, launches constitution overhaul"
1495606437.0,sputniknews.com,A high-level North Korean detector has ominously claimed that the DPRK military has hundreds and hundreds of attack drones capable of carrying biological and chemical agents to attack Seoul within a single hour
1495619983.0,reuters.com,Fossils cast doubt on human lineage originating in Africa
1495604714.0,cnn.com,US officials: Navy SEALs kill 7 militants in Yemen raid
1495622700.0,scmp.com,China may have 90 million fewer people than claimed – twice Spain’s population
1495621361.0,straitstimes.com,Trump calls North Korea's Kim Jong Un 'madman with nuclear weapons' in call with Duterte
1495609930.0,money.cnn.com,China and Russia are coming for Boeing and Airbus
1495621670.0,moodys.com,Moody's downgrades China's rating to A1 from Aa3 and changes outlook to stable from negative
1495623452.0,huffingtonpost.com,"States Are Taking Note of Nuclear Energy's Carbon Free Benefits (Carol M. Browner, former Environmental Protection Agency administrator)"
1495616374.0,reuters.com,Qatar says its official state news agency was hacked
1495611999.0,pri.org,Survival is what Yemenis think about every day
1495622008.0,reuters.com,South Korea military suspects object crossing border was North Korean balloon
1495616887.0,bbc.com,Indian army awards soldier for using Kashmiri as a 'human shield' by tying him to a jeep and parading him
1495622929.0,apnews.com,Seoul says NKorean object that drew fire was likely balloon
1495620383.0,reuters.com,China's imports of North Korean iron ore in April highest since Aug 2014: customs
1495620825.0,apnews.com,"5 killed, 286 held in Bahrain raid on Shiite cleric's town"
1495621298.0,pri.org,More South Sudanese children are fleeing their country alone
1495618311.0,who.int,World Health Assembly elects Dr Tedros Adhanom Ghebreyesus as new WHO Director-General — first Director General from Africa
1495622417.0,cnbc.com,"Moody’s downgrades China rating to A1 from Aa3, citing concerns over a slowing economy, growing debt"
1495622880.0,channelnewsasia.com,Taiwan to make landmark gay marriage ruling
1495621780.0,globalnews.ca,Alberta-bound ore shipment released by Panama amid dispute over whether it was legally mined
1495610622.0,npr.org,World Health Organization Elects First Director-General From Africa
1495613763.0,rt.com,NATO forced to change rules after Turkey’s spat with Austria threatens to paralyze alliance
1495618096.0,washingtonpost.com,WHO chooses first African to head the global health agency
1495621540.0,wsj.com,"Moody’s Cuts Its China Rating, Citing Risks From Rising Debt"
1495624899.0,rt.com,Venezuelans top nationality seeking asylum in US
1495604164.0,cyprus-mail.com,Denktash statue vandalised for showing relief of Makarios - Cyprus Mail
1495623275.0,focustaiwan.tw,Taiwan drill tests defense capability against air attack by China
1495623307.0,focustaiwan.tw,"U.S., Germany, Australia, Burkina Faso back Taiwan at WHA"
1495583375.0,cnn.com,Ex-CIA chief John Brennan: 'Russia brazenly interfered' in US elections
1495592857.0,time.com,Philippine President Rodrigo Duterte Declares Martial Rule in Southern Part of Country
1495601848.0,bbc.co.uk,"UK terror threat level raised to highest level of 'critical', meaning further attack may be imminent, prime minister says"
1495583632.0,independent.co.uk,Nearly 94% of Shell shareholders reject emissions reduction target in line with Paris climate agreement - Fossil fuel giant's board argues setting targets to reduce its production of greenhouse gases is 'not in the best interest of the company'
1495582014.0,theguardian.com,'My worst nightmares are coming true': last major primeval forest in Europe on 'brink of collapse'
1495583145.0,uk.news.yahoo.com,Salman Abedi named as UK terror bomber
1495588885.0,independent.co.uk,"World could put carbon tax on US imports if Donald Trump ditches Paris Agreement, says expert"
1495591805.0,independent.co.uk,Philippines soldiers battle Isis-linked gunmen on Marawi city streets
1495601694.0,arstechnica.com,Engineer at Boeing admits trying to sell space secrets to Russians
1495594201.0,latimes.com,Duterte declares martial law in Philippine island of Mindanao in response to militant attacks
1495591645.0,abcnews.go.com,Somali suicide bomber kills 4 at Puntland checkpoint
1495593489.0,independent.co.uk,India cancels plans for huge coal power stations as solar energy prices hit record low
1495583531.0,uk.reuters.com,Royal Dutch Shell shareholders on Tuesday widely rejected a proposal by an environmental group calling for the oil company to set and publish annual targets to reduce carbon emissions.
1495582759.0,bbc.com,Ex-national security adviser 'lied' on security clearance - BBC News
1495587428.0,abcnews.go.com,Man acknowledges trying to sell satellite secrets to Russia
1495585882.0,fortune.com,The Value of Bitcoin Has Almost Doubled This Month
1495594818.0,latimes.com,Duterte declares martial law in Philippine island of Mindanao
1495591213.0,cbc.ca,"Police cars from Ontario, Canada equipped with GPS darts"
1495594154.0,reuters.com,"North Korea, if left unchecked, on 'inevitable' path to nuclear ICBM: U.S."
1495586443.0,independent.co.uk,"Spanish man climbs Mount Everest in fastest known time, completely on his own"
1495585164.0,theguardian.com,Brazil outraged by 'absurd' prison term for mother who stole Easter egg
1495584739.0,thehill.com,"Intel chief quiet on whether Trump asked him to deny Russia evidence: Dan Coats is refusing to comment publicly on a report that Trump asked him to push back on the FBI’s investigation into Russian election interference, saying doing so would be inappropriate."
1495599033.0,uk.businessinsider.com,"Someone in 2010 bought 2 pizzas with 10,000 bitcoins — which today would be worth $20 million"
1495599057.0,cnn.com,US officials: Navy SEALs kill 7 militants in Yemen raid
1495596713.0,independent.co.uk,Philippines soldiers battle Isis-linked gunmen on Marawi city streets
1495583451.0,uk.reuters.com,"European Union ministers approved plans on Tuesday to make social media companies such as Facebook, Twitter and Google's YouTube tackle hate speech on their platforms, the first legislation at EU level on the issue."
1495591640.0,reuters.com,Google AI beats Chinese master in ancient game of Go
1495594207.0,thinkprogress.org,Philippines president declares martial law in Mindanao province
1495599161.0,dw.com,Bahrain police kill protester at sit-in for Shiite cleric: Police in Bahrain have killed a protester at a sit-in to support a Shiite cleric. Witnesses say multiple people were wounded when officers shot at demonstrators who threw stones and Molotov cocktails in response
1495587415.0,abcnews.go.com,Corruption trial begins for ex-South Korean President Park
1495586051.0,theguardian.com,Philippine president Duterte flies to Moscow to meet 'hero' Putin | World news
1495595874.0,rabwah.net,U.S. to deport Pakistani Mosque leader for Immigration Fraud
1495599651.0,washingtonpost.com,Venezuela 'paradox': people are hungry but farmers can't feed them
1495589385.0,theguardian.com,UN panel releases draft treaty banning possession and use of nuclear weapons for all countries.
1495589281.0,bbc.co.uk,'Half a glass of wine every day' increases breast cancer risk
1495598462.0,theguardian.com,UN panel releases draft treaty banning possession and use of nuclear weapons
1495592113.0,uk.reuters.com,Philippines leader declares martial law on southern island as fighting rages
1495588537.0,telegraph.co.uk,Turkey blocks Nato partnerships in row with Austria
1495585191.0,uk.reuters.com,France ordered heightened security at sports and cultural events on Tuesday and President Emmanuel Macron said he would set up a new counter-terrorism coordinating body after a suicide bomber killed 22 people at a British concert hall.
1495588073.0,newsheads.in,"Latest North Korean missile test reveal improved technology, says Seoul"
1495596873.0,zdnet.com,"UK authorities push for ""direct access"" to internet providers' systems"
1495583164.0,uk.reuters.com,"Somali pirates hijacked an Iranian fishing vessel on Tuesday to use as a base to attack bigger, more valuable ships, the mayor of a Somali town said, part of an upsurge in attacks following years of relative calm."
1495603205.0,cbc.ca,'Fear-mongering': Anti-immigrant protest at Red Deer school follows student fight - Edmonton
1495587056.0,dailymail.co.uk,Myanmar's highest Buddhist authority bars radical nationalist group
1495592562.0,jpost.com,Berlin social democratic party declares BDS antisemitic
1495586693.0,reuters.com,NATO lawmakers warn climate change may worsen Middle East security risks.
1495597600.0,npr.org,World Health Organization Elects First Director General From Africa
1495586844.0,dailymail.co.uk,Nigeria seen missing July target to buy cleaner fuel
1495586023.0,theguardian.com,Former South Korean president Park Geun-hye on trial for corruption | World news
1495584616.0,abcnews.go.com,2 UN peacekeepers killed in ambush in northern Mali
1495584813.0,uk.reuters.com,"Myanmar's top Buddhist authority banned a hardline monks' group on Tuesday, raising pressure on extremists after they barred a firebrand monk from public sermons and authorities arrested several Buddhist nationalists."
1495585394.0,mobile.reuters.com,Philippine troops raid hideout of IS-linked fighters
1495586745.0,uk.reuters.com,"Greece shrugs off debt relief delay, seems confident of deal"
1495600944.0,rfa.org,China's Prisoners of Conscience Subjected to Increasing Violence by Police
1495587396.0,abcnews.go.com,US military conducts ground raid in Yemen on AQAP compound
1495587926.0,reuters.com,Bahrain security forces raid home of Shi'ite spiritual leader
1495597964.0,usatoday.com,"The U.S.-led coalition has increased the number of bombs dropped on the Islamic State by about 50% this year, reflecting the progress U.S.-backed ground forces have had in pushing militants out of key strongholds in Iraq and Syria"
1495595258.0,cpj.org,Nigerian authorities demolish radio station office
1495601701.0,washingtonpost.com,"British prime minister raises nation’s threat level, saying another attack ‘may be imminent’"
1495597250.0,msn.com,India's population already overtaken China's: Chinese demographer
1495594744.0,bbc.co.uk,Tedros Adhanom Ghebreyesus: Ethiopian wins top WHO job - BBC News
1495591501.0,theverge.com,Microsoft says this Chinese ‘gaming service’ company is hacking Xbox accounts
1495588744.0,abcnews.go.com,Likely presidential candidate in Egypt ordered detained
1495590819.0,yahoo.com,Gambian authorities seize ex-president Jammeh's bank accounts
1495588782.0,abcnews.go.com,"Tedros Adhanom Ghebreyesus, Ethiopia's former health minister, has been elected to lead the World Health Organization."
1495590044.0,theguardian.com,WHO elects first ever African director-general after tense vote | World news
1495587818.0,dailycaller.com,Sources: Democratic Aide Suspected Of Major Security Breach Under Government Protection In Pakistan
1495588699.0,abcnews.go.com,Special aide to Brazil's Temer arrested in corruption probe
1495589606.0,dailymail.co.uk,Venezuela launches fifth forex plan in four years
1495598358.0,rt.com,Russia to cut Euro council fees over ongoing spat
1495598875.0,sputniknews.com,Turkey Confirms Vetoing Austria's Participation in Several NATO Programs
1495598539.0,sputniknews.com,"Former CIA Director Brennan: Media Leaks, Not Trump, Threatens US Security"
1495598578.0,sputniknews.com,White House Says Hearings Show No Evidence of Russia-Trump Campaign Collusion
1495601117.0,plenglish.com,Russia Criticizes Antiterrorist Threat by Some European Countries
1495584401.0,marketwatch.com,Defense stocks rally after Saudi Arabia and Gulf states sign $350 billion of arms deals
1495565208.0,cnn.com,"Trump asked DNI, NSA to deny evidence of Russia collusion"
1495571215.0,independent.co.uk,Manchester Arena attack: Isis claims responsibility for suicide bombing that killed at least 22 people
1495570796.0,bbc.co.uk,"The Trump administration has granted a six-month extension to nearly 60,000 Haitians who were offered temporary protection in the US after a devastating earthquake in 2010."
1495576326.0,cp24.com,Toronto police invited to take part in NYC Pride March after being denied participation in PrideTO
1495568878.0,smh.com.au,"Two men receive 83 lashes in Aceh, Indonesia in first public punishment for sodomy under new Sharia court legislation"
1495569682.0,independent.co.uk,UK General election 2017: Quarter of a million under-25s register to vote in one day - Young people heavily outnumbered people of pensionable age among registrees
1495566916.0,cnbc.com,Symantec says 'highly likely' North Korea group behind ransomware attacks
1495569794.0,news.com.au,Great Barrier Reef coral bleaching: Half the reef may have died in 2016 and 2017
1495568214.0,theguardian.com,"World's best Go player flummoxed by Google’s ‘godlike’ AlphaGo AI - Ke Jie, who once boasted he would never be beaten by a computer at the ancient Chinese game, said he had ‘horrible experience’"
1495577521.0,mcclatchydc.com,Hugo Chavez's childhood home burned by protesters
1495562927.0,bbc.co.uk,Germany cracks Europe-wide burglary gang of 500 members that may have been responsible for a fifth of German break-ins
1495566643.0,philstar.com,"The Maute Group, whom boasts loyalty to ISIS, attacks Marawi City, Philippines"
1495562401.0,indianexpress.com,Indian Army destroys Pakistani forward post in Nowshera sector
1495568595.0,theguardian.com,"High blood platelet count 'as good a cancer predictor as a lump in the breast' - Common blood tests could help diagnose cancer early even in patients that show no other symptoms, study finds"
1495579221.0,jpost.com,Shouts of ‘Dump Trump’ in Tel Aviv and Jerusalem - Israel News
1495564867.0,newsweek.com,"South Korea has fired over 90 shots toward North Korea, aiming at a suspected drone"
1495570301.0,news.nationalgeographic.com,There Are Only 3 of These Turtles Left on Earth - And conservationists are desperately searching for a 4th.
1495580706.0,reuters.com,North Korea on trajectory to nuclear-armed ICBM: U.S. intel official
1495564114.0,independent.co.uk,Theresa May accused of lying about 'dementia tax' care amid backlash over U-turn
1495565466.0,s.rplr.co,Philippine troops clash with terror group in outskirts of Marawi City
1495566714.0,bbc.com,Germany cracks Europe-wide burglary gang of 500 members
1495567271.0,bbc.com,Trump 'to do everything' for Middle East peace - BBC News
1495566566.0,seeker.com,Pre-Human Fossils Suggest Mankind Emerged From Europe Rather Than Africa
1495566910.0,reuters.com,Brazilian police arrest several former politicians over World Cup investigation
1495573811.0,ifpnews.com,French President Hails Iran’s Role in Fighting Terror in Mideast
1495581607.0,japantimes.co.jp,New Zealand space launch has nation reaching for the stars
1495568796.0,bbc.com,Bahrain police 'open fire on sit-in' around Shia cleric's home
1495564345.0,bbc.com,More evidence for WannaCry 'link' to North Korea hackers
1495560857.0,al-monitor.com,Bahrain police open fire on Shia sit-in: witnesses
1495566527.0,rt.com,Gay pair caned in Indonesia as crowd cheers & takes pictures
1495577342.0,independent.co.uk,Venezuela protests: Hugo Chavez's childhood home set on fire as violence clashes continue
1495573933.0,reuters.com,Oil down as White House proposes selling U.S. oil reserves
1495563457.0,hindustantimes.com,India conducts Artillery assaults against Pakistani posts in Kashmir
1495565105.0,bbc.com,Nato hit by Turkish veto on Austria partnership - BBC News
1495566445.0,bbc.com,Indonesian men caned for gay sex in Aceh - BBC News
1495568020.0,theguardian.com,"Chinese student abused for praising 'fresh air of free speech' in US - Nationalists in China seize on remarks by Yang Shuping, accusing her of ‘demonising’ it in backlash fuelled by state-run media"
1495573814.0,theguardian.com,"Mount Everest's Hillary Step is still there, say Nepalese climbers - Rocky outcrop reported to have collapsed is covered in snow but intact"
1495561392.0,muslimpress.com,US raids kill 7 in central Yemen: Pentagon
1495574158.0,reuters.com,South Korea fires at suspected drone at border with North amid missile crisis
1495563700.0,dw.com,Britain's PM Theresa May condemns 'worst of humanity'
1495563103.0,reuters.com,Thailand reassures foreigners following Bangkok hospital attack
1495570512.0,reuters.com,U.S. starts 'extreme vetting' at Australia's offshore detention centers
1495563064.0,reuters.com,"Car bomb explodes, kills four in Syria's Homs: state TV"
1495562332.0,theguardian.com,Up to 150 children under five die each day in Aung San Suu Kyi's Myanmar
1495578218.0,reuters.com,South Korea fires at suspected drone at border with North amid missile crisis
1495571280.0,reuters.com,"Climate-threatened Bangladesh to impose carbon tax in June | Bangladesh produces about 0.44 tonnes of carbon dioxide per person, much lower than the United States’ 16.4 tonnes, Australia’s 16.3 tonnes and Qatar’s whopping 40.5 tonnes"
1495575338.0,independent.co.uk,3 British sailors rescued from Atlantic Ocean after yacht collides with whale - Merchant vessel comes to aid of the 'Destiny of Scarborough' after crew sound distress signal.
1495581369.0,reuters.com,"U.S., Japanese firms collaborating on new missile defense radars"
1495563118.0,reuters.com,"France to step up security at sporting, cultural events: minister"
1495572066.0,reuters.com,Trump says Palestinian and Israeli leaders ready to reach for peace
1495560425.0,washingtonpost.com,S. Korea fires shots at N. Korea after object crosses border
1495567809.0,bloomberg.com,Indian Fighter Jet Missing in Region Claimed by China
1495575194.0,bbc.com,#MissinginManchester: The fake images circulating online - BBC News
1495563781.0,abcnews.go.com,"Activists: Bahrain police raid Shiite cleric's town, 1 dead"
1495578778.0,washingtonpost.com,CIA director warned Russian security service chief about interference in election
1495571233.0,reuters.com,"Indonesia, Vietnam to probe reported skirmish in disputed waters"
1495572552.0,nytimes.com,Google’s AlphaGo Defeats Chinese Go Master in Win for A.I.
1495580851.0,cknw.com,"Electoral reform needed now more than ever, say Green Party MLA-elects"
1495563628.0,bbc.co.uk,Bahrain police 'open fire on sit-in' around Shia cleric's home - BBC News
1495562293.0,nytimes.com,Uber Drivers in Kenya Struggling at $5 a day
1495562126.0,bbc.co.uk,'Space sperm' passes fertility test
1495562390.0,en.russiangate.com,Searches at Russian famous independent art director Kirill Serebrennikov’s Gogol Center linked to Moscow City Hall embezzlement
1495563089.0,reuters.com,Trump plays up Middle East peace hopes after talks with Palestinian president
1495567826.0,middleeastmonitor.com,"Egypt, UK hold military talks in Cairo"
1495574685.0,news.morningstar.com,Macron tries to sell plan to reform France's labor market
1495561132.0,presstv.ir,Bahrain uses military tactics to quash dissent
1495559379.0,independent.co.uk,South Korea fires warning shots at North Korea after an 'unidentified object' flies over DMZ
1495557018.0,independent.co.uk,"ISIS tests chemical weapons on 'human guinea pigs', secret documents reveal"
1495545382.0,independent.co.uk,UK Green Party manifesto pledges four-day working week and universal basic income - The party says it will ‘transform people lives with bold policies’
1495545778.0,bbc.co.uk,A record number of people have complained after a French TV presenter posted a spoof ad on a gay dating website and made fun of people who responded live on air.
1495538908.0,theguardian.com,"Italian mafia boss gunned down while riding his bike in Sicily - Giuseppe Dainotti, 67, was shot in the head as he cycled along a street in Palermo, in what police say is a warning that Cosa Nostra is far from beaten"
1495542212.0,reuters.com,'Pls help me...': Frantic parents hunt for missing kids after UK concert blast
1495552303.0,independent.co.uk,London Victoria coach station evacuated as 'ongoing incident' declared by police
1495551196.0,reuters.com,Oil prices fall as White House proposes U.S. oil reserve sales
1495545411.0,theguardian.com,Revealed: Google tried to block media coverage of gender discrimination case
1495539729.0,bbc.com,Gambian ex-President Yahya Jammeh stole $50 million from the state before he left the country.
1495549738.0,jpost.com,Rocket fired into Israel from Sinai [ISIS]
1495543630.0,reuters.com,China's imports from North Korea sink below $100 million in April as coal ban bites
1495550480.0,reuters.com,Two men publicly caned in Indonesia for having gay sex
1495551560.0,reuters.com,Google's AlphaGo takes on Chinese Go master in best of three matches
1495542855.0,bbc.co.uk,"US forces kill seven al-Qaeda militants in Yemen, says Pentagon"
1495543704.0,bbc.com,Trump to meet Palestinian leader Abbas in West Bank - BBC News
1495546861.0,uk.reuters.com,Hong Kong police on Tuesday arrested 21 Uber drivers for illegal car-hiring as part of an ongoing clamp down against Uber Technologies Inc's operations in the Asian financial city.
1495539609.0,politico.com,Israeli Officers: You're Doing ISIS Wrong
1495546999.0,haaretz.com,Amid Trump's visit: Rocket fired from Sinai at Israel
1495544948.0,mobile.reuters.com,"U.S. starts 'extreme vetting' at Australia's offshore detention centers as Washington honors a refugee swap U.S. President Donald Trump had called ""a dumb deal"""
1495541724.0,yahoo.com,"UN condemns North Korea missile launch, vows new sanctions"
1495541312.0,michaelwest.com.au,The great gas con: how Australia got sucked dry
1495553133.0,reuters.com,China raised its imports of iron ore from North Korea in April to the highest level since August 2014
1495543687.0,reuters.com,U.S. delivers patrol boats to Vietnam to deepen security ties
1495539548.0,news.com.au,Tabby’s Star 2017 update: ‘Alien megastructure’ doing weird things again
1495538925.0,sfgate.com,Venezuelan Lawmaker: Hugo Chavez's childhood home burned by protesters
1495539520.0,news.com.au,"Climate change: Sea level rise could threaten Sydney, Melbourne, Perth"
1495547474.0,amp.theguardian.com,"The Philippine president, Rodrigo Duterte, is due to arrive in Moscow for a five-day trip in which he will meet his “favourite hero” Vladimir Putin and attempt to reorient his country’s geopolitical alliance further away from the US and towards Moscow."
1495546772.0,uk.reuters.com,"U.S. Homeland Security officials have begun ""extreme vetting"" interviews at Australia's offshore detention centres, two sources at the camps told Reuters on Tuesday, as Washington honours a refugee swap that U.S. President Donald Trump had called ""a dumb deal""."
1495547370.0,apnews.com,2 men in Indonesia caned dozens of times for gay sex
1495560163.0,ibtimes.co.uk,Virgin passengers removed from Dubai-Heathrow flight following bomb threat
1495539636.0,independent.co.uk,EU's chief negotiator says 'we are ready' for Brexit talks
1495547424.0,uk.reuters.com,"Raytheon Co and Lockheed Martin Corp are working with Japanese partners on rival projects to develop new radars that will enhance Japan's shield against any North Korean missile strike, government and defence industry sources in Tokyo told Reuters."
1495550909.0,tribune.com.pk,Indian army major who tied Kashmiri man to jeep awarded military honour
1495542858.0,india.com,US forces kill seven Al-Qaeda militants in Yemen raid:Pentagon
1495540559.0,reuters.com,Yemen raid kills seven al Qaeda militants: U.S. military
1495549731.0,english.alarabiya.net,"Trump says Iran driving Israel, Arab states closer"
1495555364.0,abcnews.go.com,Explosions strike Syrian cities of Damascus and Homs
1495543725.0,abcnews.go.com,Human rights watchdog condemns Thailand hospital bomb
1495558778.0,washingtonpost.com,"Bahrain Police raids down the town of Diraz to disperse a peaceful sit-in, killing one protester and injuring many (on-going)"
1495553212.0,reuters.com,"Bahrain's interior ministry said it had launched a security operation on Tuesday in the home village of the country's Shi'ite Muslim spiritual leader, the site of a sit-in encampment of his followers"
1495554228.0,bbc.com,Amazon adds live TV channels to Prime Video - BBC News
1495556027.0,reuters.com,South Korean 'swordsman' leads prosecution against impeached ex-leader Park
1495542848.0,usatoday.com,Ousted South Korean leader Park arrives at court to face trial
